hypothesis_norm	count	example_hypothesis	example_eval_config	example_perturbation	best_train_corpus	best_tfidf_similarity	best_similarity_class	best_train_text
the city is located in the southern part of the city of korea	790	the city is located in the southern part of the city of korea	base	full_noise_amp0.75_dur0.0	ru_64pct	0.6426051663988733	weak_overlap	It is located in the southern part of the county.
the city of london is located in the town of london	445	the city of london is located in the town of london	ru_64pct	full_noise_amp0.75_dur0.0	ru_64pct	0.5746153038049856	weak_overlap	Niantic is located in the town.
the following year he was promoted to the post of lieutenant colonel	346	the following year he was promoted to the post of lieutenant colonel	ru_64pct	full_noise_amp0.75_dur0.0	clean	0.6694600982163571	strong_overlap	The following year he was promoted to the rank of lieutenant.
the city is also home to the city of canada and canada canada is the second largest city in the world	87	the city is also home to the city of canada and canada canada is the second largest city in the world	base	full_noise_amp0.5_dur0.0	clean	0.4990196412847405	weak_overlap	Milagro is the second largest city in the province of Guayas.
the city is located in the central part of the city center of the city center	70	the city is located in the central part of the city center of the city center	base	full_noise_amp0.5_dur0.0	clean	0.43514727389238006	novel_or_generic	The school lies south of the city center.
the city is also home to the city of canada	65	the city is also home to the city of canada	base	full_noise_amp0.5_dur0.0	ru_64pct	0.698729974174843	strong_overlap	The city is also home to Wayland Academy, a private school.
the following year he was promoted to lieutenant colonel	60	the following year he was promoted to lieutenant colonel	ru_64pct	full_noise_amp0.5_dur0.0	ru_64pct	0.6741483198525946	strong_overlap	The following year he was promoted to the rank of lieutenant.
the city is also home to the city s most important city the city is also home to the city s most important city	37	the city is also home to the city s most important city the city is also home to the city s most important city	base	full_noise_amp0.75_dur0.0	ru_64pct	0.716282495566063	strong_overlap	The city is also home to Wayland Academy, a private school.
the city is located in the central part of the city center	33	the city is located in the central part of the city center	base	full_noise_amp0.5_dur0.0	ru_64pct	0.4795998415641072	weak_overlap	It is in the central part of Bowie County.
the wind is now coming from the north east side of the city centre in the north east side of the city centre in the north east side of the city centre in the north east side of the city centre in the north east side of the city centre in the north east side of the city centre in the north east side of the city centre in the north east side of the city centre in the north east side of the city centre in the north east side of the city centre in the north east side of the city centre in the north east side of the city centre in the north east side of the city centre in the north east side of the city centre in the north east side of the city centre in the north east side of the city centre in the north east side of the city centre in the north east side of the city centre in the north east side of the city centre in the north east side of the city centre in the north east side of the city centre in the north east side of the north east side of the north east side of the north east side of the north east side of the north east side of	23	the wind is now coming from the north east side of the city centre in the north east side of the city centre in the north east side of the city centre in the north east side of the city centre in the north east side of the city centre in the north east side of the city centre in the north east side of the city centre in the north east side of the city centre in the north east side of the city centre in the north east side of the city centre in the north east side of the city centre in the north east side of the city centre in the north east side of the city centre in the north east side of the city centre in the north east side of the city centre in the north east side of the city centre in the north east side of the city centre in the north east side of the city centre in the north east side of the city centre in the north east side of the city centre in the north east side of the city centre in the north east side of the north east side of the north east side of the north east side of the north east side of the north east side of	rr_64pct	full_noise_amp0.5_dur0.0	rr_64pct	0.5226815531511309	weak_overlap	The main bank is on the north-east side of the ditch.
the city is located in the northern part of the city of korea	20	the city is located in the northern part of the city of korea	base	full_noise_amp0.5_dur0.0	clean	0.5255159642223554	weak_overlap	East Bethel is located in the northern part of Anoka County.
the wind is now coming from the north east side of the city centre in the north east side of the city centre in the north east side of the city centre in the north east side of the city centre in the north east side of the city centre in the north east side of the city centre in the north east side of the city centre in the north east side of the city centre in the north east side of the city centre in the north east side of the city centre in the north east side of the city centre in the north east side of the city centre in the north east side of the city centre in the north east side of the city centre in the north east side of the city centre in the north east side of the city centre in the north east side of the city centre in the north east side of the city centre in the north east side of the city centre in the north east side of the city centre in the north east side of the north east side of the north east side of the north east side of the north east side of the north east side of the north east side of the north east side	20	the wind is now coming from the north east side of the city centre in the north east side of the city centre in the north east side of the city centre in the north east side of the city centre in the north east side of the city centre in the north east side of the city centre in the north east side of the city centre in the north east side of the city centre in the north east side of the city centre in the north east side of the city centre in the north east side of the city centre in the north east side of the city centre in the north east side of the city centre in the north east side of the city centre in the north east side of the city centre in the north east side of the city centre in the north east side of the city centre in the north east side of the city centre in the north east side of the city centre in the north east side of the city centre in the north east side of the north east side of the north east side of the north east side of the north east side of the north east side of the north east side of the north east side	rr_64pct	full_noise_amp0.5_dur0.0	rr_64pct	0.5246984639571041	weak_overlap	The main bank is on the north-east side of the ditch.
the city is located in the central part of the city center of the city center of the city center of the city center of the city center of the city center of the city center of the city center of the city center of the city center of the city center of the city center of the city center of the city center of the city center of the city center of the city center of the city center of the city center of the city center of the city center of the city center of the city center of the city center of the city center of the city center of the city center of the city center of the city center of the city center of the city center of the city center of the city center of the city center of the city center of the city center of the city center of the city center of the city center of the city center of the city center of the city center of the city center of the city center of the city center of the city center of the city center of the city center of the city center of the city center of the city center of the city center of the city center of the city center of	16	the city is located in the central part of the city center of the city center of the city center of the city center of the city center of the city center of the city center of the city center of the city center of the city center of the city center of the city center of the city center of the city center of the city center of the city center of the city center of the city center of the city center of the city center of the city center of the city center of the city center of the city center of the city center of the city center of the city center of the city center of the city center of the city center of the city center of the city center of the city center of the city center of the city center of the city center of the city center of the city center of the city center of the city center of the city center of the city center of the city center of the city center of the city center of the city center of the city center of the city center of the city center of the city center of the city center of the city center of the city center of the city center of	base	full_noise_amp0.5_dur0.0	clean	0.5066272136941654	weak_overlap	The school lies south of the city center.
it is a member theatre of the union of the theatres of europe	15	it is a member theatre of the union of the theatres of europe	base	onset_noise_amp0.05_dur0.5	rr_64pct	0.3573296995481817	novel_or_generic	It is a member of the Titerno Local Action Group.
the greeks refused	15	the greeks refused	base	onset_noise_amp0.05_dur0.5	clean	0.4369262438002812	novel_or_generic	The Greeks constructed sophisticated water and hydraulic power systems.
close all windows and log out	15	close all windows and log out	base	onset_noise_amp0.05_dur0.5	ru_64pct	0.33980810170691034	novel_or_generic	Devices can automatically connect and log into public Xfinity WiFi hotspots.
further there is no mention of the comet in chinese literature of the time	15	further there is no mention of the comet in chinese literature of the time	base	onset_noise_amp0.05_dur0.5	rr_64pct	0.5688015509123391	weak_overlap	There is no mention of who should perform this function.
a friend to everybody is a friend to nobody	15	a friend to everybody is a friend to nobody	base	onset_noise_amp0.05_dur0.5	ru_64pct	0.5875074798371532	weak_overlap	Friend or Foe?
the city is also home to the city of canada and canada canada is the only city in canada that has a city hall	13	the city is also home to the city of canada and canada canada is the only city in canada that has a city hall	base	full_noise_amp0.5_dur0.0	ru_64pct	0.4873290486270425	weak_overlap	The city is also home to Wayland Academy, a private school.
it is inhibited by the pneumotoxic center	13	it is inhibited by the pneumotoxic center	base	onset_noise_amp0.05_dur0.5	ru_64pct	0.411068669606959	novel_or_generic	It is abutted by the Tatoosh Wilderness.
japanese chemical weapons were later found mixed with soviet and chinese chemical weapons	13	japanese chemical weapons were later found mixed with soviet and chinese chemical weapons	base	onset_noise_amp0.05_dur0.5	clean	0.3153355166090557	novel_or_generic	The United States has possessed a stockpile of chemical weapons since World War One.
the plan goes awry when the bees see through the plan	13	the plan goes awry when the bees see through the plan	base	onset_noise_amp0.05_dur0.5	ru_64pct	0.43675035267091855	novel_or_generic	The plan, entitled Lansdowne Live!
the following year he was elected as the president of the united states	13	the following year he was elected as the president of the united states	ru_64pct	full_noise_amp0.5_dur0.0	rr_64pct	0.4609223725902142	weak_overlap	The following year he emigrated to the United States.
the state plans to rework those groups to improve safety	12	the state plans to rework those groups to improve safety	base	onset_noise_amp0.05_dur0.5	rr_64pct	0.3272651387556138	novel_or_generic	The state was named Seorabeol.
near the beach house is a large modern playground	12	near the beach house is a large modern playground	base	onset_noise_amp0.05_dur0.5	clean	0.2834670368043084	novel_or_generic	There are toilet facilities near the beach and lifeguard cover in the summer.
a hyperreflexive operator algebra is automatically reflexive	12	a hyperreflexive operator algebra is automatically reflexive	base	onset_noise_amp0.05_dur0.5	clean	0.24190321492136135	novel_or_generic	The hammer is automatically cocked, and pulling the trigger simply releases the it.
morse has two children	12	morse has two children	base	onset_noise_amp0.05_dur0.5	clean	0.8376345419180783	strong_overlap	Geis has two children.
it has inherent support for runtime cast validation	12	it has inherent support for runtime cast validation	base	onset_noise_amp0.05_dur0.5	ru_64pct	0.2982269663636329	novel_or_generic	Database support for blobs is not universal.
tambaga entered dutch usage concurrent with the colonization of indonesia	12	tambaga entered dutch usage concurrent with the colonization of indonesia	base	onset_noise_amp0.05_dur0.5	ru_64pct	0.348125260308888	novel_or_generic	"Concurrent with ""The Second Coming"" was Glen A. Larson's movie proposal."
a basketball was too heavy while the basketball bladder was too light	11	a basketball was too heavy while the basketball bladder was too light	base	onset_noise_amp0.05_dur0.5	ru_64pct	0.31747991900204253	novel_or_generic	He was too clever and cruel.
charlie was now alone	10	charlie was now alone	base	onset_noise_amp0.05_dur0.5	ru_64pct	0.38414039238089126	novel_or_generic	Paul was now pale with weariness.
goodbye said the boy	10	goodbye said the boy	base	onset_noise_amp0.05_dur0.5	ru_64pct	0.3637220974815858	novel_or_generic	The boy grew and prospered.
it does not look good	10	it does not look good	base	onset_noise_amp0.05_dur0.5	rr_64pct	0.6390958873951545	weak_overlap	It does not migrate.
rich productions include to kill a monkey bird and big among others	10	rich productions include to kill a monkey bird and big among others	base	onset_noise_amp0.05_dur0.5	ru_64pct	0.32186077228233057	novel_or_generic	Ongoing productions include Check, Please!
his other film roles include whodunit	10	his other film roles include whodunit	rr_64pct	none	ru_64pct	0.4664628062189401	weak_overlap	"Other roles include the series ""Hooperman"" and ""Cop Rock""."
it might be in this writers top ten	9	it might be in this writers top ten	base	onset_noise_amp0.05_dur0.5	clean	0.4336220563117732	novel_or_generic	It might be considered as a side swage.
alexandria and texas were shut down midseason	9	alexandria and texas were shut down midseason	base	onset_noise_amp0.05_dur0.5	clean	0.3940568902759344	novel_or_generic	It shut down the following year.
luckily the dagger couldn t penetrate the bulletproof vest	9	luckily the dagger couldn t penetrate the bulletproof vest	base	onset_noise_amp0.05_dur0.5	clean	0.39208511132743595	novel_or_generic	Steroids penetrate the barrier.
the application was rejected	9	the application was rejected	base	onset_noise_amp0.05_dur0.5	clean	0.50111080461405	weak_overlap	Her application was successful.
four four four	9	four four four	base	onset_noise_amp0.05_dur0.5	ru_64pct	0.4124448062291284	novel_or_generic	Luke's Sermon contains four Beatitudes and four Woes.
it was a problem while i was sitting over there	9	it was a problem while i was sitting over there	base	onset_noise_amp0.05_dur0.5	clean	0.3907540366013582	novel_or_generic	I was sitting there one night.
at least six dewinton locomotives have been preserved	9	at least six dewinton locomotives have been preserved	base	onset_noise_amp0.05_dur0.5	rr_64pct	0.7389956764859485	strong_overlap	Six have been preserved.
seoul has two main airports the indian international airport as well as the gimpo international airport	9	seoul has two main airports the indian international airport as well as the gimpo international airport	base	onset_noise_amp0.05_dur0.5	ru_64pct	0.46905713100130486	weak_overlap	The nearest airports are Mangalore International Airport and Kannur International Airport.
hope for the best and prepare for the worst	9	hope for the best and prepare for the worst	base	onset_noise_amp0.05_dur0.5	ru_64pct	0.39535626471162133	novel_or_generic	I can only hope for the same.
i wondered if those birds were red wings	9	i wondered if those birds were red wings	rr_64pct	none	ru_64pct	0.33381933593836555	novel_or_generic	I wondered if Scudder had turned in already.
the following year he was promoted to the general manager	9	the following year he was promoted to the general manager	ru_64pct	full_noise_amp0.5_dur0.0	ru_64pct	0.6528948679237441	strong_overlap	The following year he was promoted to the rank of lieutenant.
the city is also home to the city of london	8	the city is also home to the city of london	base	full_noise_amp0.5_dur0.0	ru_64pct	0.6757793511253888	strong_overlap	The city is also home to Wayland Academy, a private school.
how is mozilla going to handle ambiguities like q and q	8	how is mozilla going to handle ambiguities like q and q	base	onset_noise_amp0.05_dur0.5	ru_64pct	0.3724523961013939	novel_or_generic	How is the sabbath to be sanctified?
he took the first cup and handed it to the monk	8	he took the first cup and handed it to the monk	base	onset_noise_amp0.05_dur0.5	ru_64pct	0.32031564168344273	novel_or_generic	"Later he took the precautionary step of changing his cover name to ""Fred""."
the major industry has been slate mining	8	the major industry has been slate mining	base	onset_noise_amp0.05_dur0.5	clean	0.4371794394930316	novel_or_generic	Tourism is a major industry.
and it is a six minute video	8	and it is a six minute video	base	onset_noise_amp0.05_dur0.5	ru_64pct	0.36343830235131425	novel_or_generic	Its lumber is a softwood, and it is harvested as a hem fir.
wow what is it	8	wow what is it	base	onset_noise_amp0.05_dur0.5	clean	1.0	exact_or_template_copy	What is it, deary?
furthermore the equations of motion impose that the roman s mass is constant	8	furthermore the equations of motion impose that the roman s mass is constant	base	onset_noise_amp0.05_dur0.5	rr_64pct	0.34954666513245547	novel_or_generic	Action is a part of an alternative approach to finding such equations of motion.
some social scientists and evaluators view the condition as pseudophobia	8	some social scientists and evaluators view the condition as pseudophobia	base	onset_noise_amp0.05_dur0.5	ru_64pct	0.3501488014798735	novel_or_generic	The condition eventually cleared up.
the movie was little seen outside of sweden	8	the movie was little seen outside of sweden	base	onset_noise_amp0.05_dur0.5	clean	0.47429244934243253	weak_overlap	The movie was not a big hit.
the first time i saw him i was like what the hell is he doing	7	the first time i saw him i was like what the hell is he doing	base	full_noise_amp0.5_dur0.0	rr_64pct	0.32670576310870647	novel_or_generic	It's the first time.
the song was produced by gogriz and smash david	7	the song was produced by gogriz and smash david	base	onset_noise_amp0.05_dur0.5	clean	0.6089560005465694	weak_overlap	The song was produced by Snuff Garrett.
maybe he just put it there for safekeeping	7	maybe he just put it there for safekeeping	base	onset_noise_amp0.05_dur0.5	clean	0.3731194242526623	novel_or_generic	He just lives for it.
a song about a mate	7	a song about a mate	base	onset_noise_amp0.05_dur0.5	rr_64pct	0.44928807960885375	novel_or_generic	And yet another song about drinking.
what kind of proof is that	7	what kind of proof is that	base	onset_noise_amp0.05_dur0.5	clean	0.6624564441113976	strong_overlap	What kind of herb this is?
let s go to arba	7	let s go to arba	base	onset_noise_amp0.05_dur0.5	clean	0.9138527373230259	near_copy	Let's go to something!
bittes made only two english language films	7	bittes made only two english language films	base	onset_noise_amp0.05_dur0.5	clean	0.39657490343937674	novel_or_generic	The Academy Awards have also nominated a number of non-English-language films.
the oldest stupas string theory contained open strings was taught one string theory	7	the oldest stupas string theory contained open strings was taught one string theory	base	onset_noise_amp0.05_dur0.5	ru_64pct	0.28811438445712945	novel_or_generic	She was taught ventriloquism by John W. Cooper.
operation of the trunkline continued on the wooden trestles	7	operation of the trunkline continued on the wooden trestles	base	onset_noise_amp0.05_dur0.5	clean	0.4050179908864787	novel_or_generic	Operation of the cut falls upon three government agencies.
men play football as the crowd watches	7	men play football as the crowd watches	base	onset_noise_amp0.5_dur0.5	ru_64pct	0.44418890228511865	novel_or_generic	A crowd watches as a woman draws caricatures.
let me have the desk	7	let me have the desk	base	onset_noise_amp0.5_dur0.5	clean	0.493374530266079	weak_overlap	Please let me come in.
this is something i want encouraged	7	this is something i want encouraged	base	onset_noise_amp0.5_dur0.5	clean	0.5421989590648796	weak_overlap	This is something we've never had before.
the show then migrated to the ground in theater in los angeles	7	the show then migrated to the ground in theater in los angeles	base	onset_noise_amp0.75_dur0.5	clean	0.35662365823057196	novel_or_generic	Stewart lives in Los Angeles.
she married her business partner steven lee	7	she married her business partner steven lee	base	reverb_amp0.5_dur0.5	rr_64pct	0.3942035738079981	novel_or_generic	And you married her.
administratively they belong to sara	7	administratively they belong to sara	rr_64pct	none	clean	0.5377321188660237	weak_overlap	A few belong to Sikh community.
the city is located in the central part of the city center and is located in the central part of the city center	6	the city is located in the central part of the city center and is located in the central part of the city center	base	full_noise_amp0.5_dur0.0	ru_64pct	0.5019871376276974	weak_overlap	It is in the central part of Bowie County.
fatima the girl sat averting her eyes	6	fatima the girl sat averting her eyes	base	onset_noise_amp0.05_dur0.5	ru_64pct	0.398147657587419	novel_or_generic	Two wrathful tears started from her eyes.
the tower block pictured is the south face of kestrel house on city road london	6	the tower block pictured is the south face of kestrel house on city road london	base	onset_noise_amp0.05_dur0.5	ru_64pct	0.2830863960474448	novel_or_generic	The tower stands tall.
but after new style injured his pitching arm his career was in serious jeopardy	6	but after new style injured his pitching arm his career was in serious jeopardy	base	onset_noise_amp0.05_dur0.5	ru_64pct	0.4105549712293528	novel_or_generic	His career was slow but steady.
however there are some issues that came up full color to celebrate certain anniversaries	6	however there are some issues that came up full color to celebrate certain anniversaries	base	onset_noise_amp0.05_dur0.5	rr_64pct	0.28684987350905944	novel_or_generic	However, there are several issues and no consensus.
i have stuck it back together	6	i have stuck it back together	base	onset_noise_amp0.05_dur0.5	clean	0.44674872080696426	novel_or_generic	They get back together.
well what was that	6	well what was that	base	onset_noise_amp0.05_dur0.5	rr_64pct	0.5727479272179187	weak_overlap	What was that? she asked, timidly.
it was my fear of failure that first kept me from attempting the masterwork	6	it was my fear of failure that first kept me from attempting the masterwork	base	onset_noise_amp0.05_dur0.5	ru_64pct	0.2997016864478934	novel_or_generic	That was my first movie.
tiger williams wrote the screenplay and shared story credits with the brothers	6	tiger williams wrote the screenplay and shared story credits with the brothers	base	onset_noise_amp0.05_dur0.5	clean	0.2814588056847174	novel_or_generic	Cassius Clay and co-wrote the screenplay for Journey Back to Oz.
it is the one i want to see	6	it is the one i want to see	base	onset_noise_amp0.5_dur0.5	clean	0.6412543988661839	weak_overlap	I want to see Michel Strogoff
war war war	6	war war war	base	reverb_amp0.5_dur0.5	ru_64pct	0.4537832506876044	weak_overlap	But war intervened.
it was a problem while i was sitting all day	6	it was a problem while i was sitting all day	base	reverb_amp0.5_dur0.5	clean	0.31822537619449565	novel_or_generic	I was sitting there one night.
kat sand and her son were accused of voter intimidation	6	kat sand and her son were accused of voter intimidation	rr_64pct	none	clean	0.3250377108333602	novel_or_generic	The men sacrificed were accused of eating tabu coconuts.
there are two types of coil levers full coil levers and slip on coil levers	6	there are two types of coil levers full coil levers and slip on coil levers	rr_64pct	none	clean	0.6197954632128303	weak_overlap	There are two types, bashrings and bashplates.
the city is located in the northern part of the city of kerala	6	the city is located in the northern part of the city of kerala	ru_64pct	full_noise_amp0.5_dur0.0	clean	0.5203293084875338	weak_overlap	East Bethel is located in the northern part of Anoka County.
the first two years of the war were the most difficult	6	the first two years of the war were the most difficult	ru_64pct	full_noise_amp0.5_dur0.0	clean	0.3929681111635054	novel_or_generic	The tunnels were the most difficult and time-consuming part of construction.
the city is located in the central part of the city of korea	5	the city is located in the central part of the city of korea	base	full_noise_amp0.5_dur0.0	ru_64pct	0.47803528072854384	weak_overlap	It is in the central part of Bowie County.
she married her business partner stephen lee	5	she married her business partner stephen lee	base	onset_noise_amp0.05_dur0.5	rr_64pct	0.39963501914244315	novel_or_generic	And you married her.
benim yan mda kapal oturman za gerek yok ba n z a abilirsiniz	5	benim yanımda kapalı oturmanıza gerek yok başınızı açabilirsiniz	base	onset_noise_amp0.05_dur0.5	clean	0.4191135289378143	novel_or_generic	He married He Liliang in Yan'an.
his other film roles include whodunnit	5	his other film roles include whodunnit	base	onset_noise_amp0.05_dur0.5	ru_64pct	0.4664628062189401	weak_overlap	"Other roles include the series ""Hooperman"" and ""Cop Rock""."
also in allen park is the relocated tom hollins house	5	also in allen park is the relocated tom hollins house	base	onset_noise_amp0.05_dur0.5	clean	0.3879993215311299	novel_or_generic	Park is trilingual.
de castillo is a village in navarra	5	de castillo is a village in navarra	base	onset_noise_amp0.05_dur0.5	clean	0.5473141795712668	weak_overlap	Salvador Do Mundo is a village in Goa.
mozdrukeen was officially married three times	5	mozdrukeen was officially married three times	base	onset_noise_amp0.05_dur0.5	clean	0.7722045304715561	strong_overlap	Young married three times.
macken argue against animal rights in his widely reprinted paper do animals have rights	5	macken argue against animal rights in his widely reprinted paper do animals have rights	base	onset_noise_amp0.05_dur0.5	clean	0.25553288933196416	novel_or_generic	Favoured lyrical concerns included animal rights, conformity and science fiction.
president nicholas maduro condemned the protest actions	5	president nicholas maduro condemned the protest actions	base	onset_noise_amp0.05_dur0.5	rr_64pct	0.30998517683706117	novel_or_generic	No major opposition to the protest occurred.
the town s oldest secular building the old crown is there	5	the town s oldest secular building the old crown is there	base	onset_noise_amp0.05_dur0.5	ru_64pct	0.23069729509259584	novel_or_generic	Taza National Park is there.
might others within your organization have some inklings as to their desire	5	might others within your organization have some inklings as to their desire	base	onset_noise_amp0.05_dur0.5	clean	0.796530021674927	strong_overlap	Might others within your organisation have some inkling as to their desires?
it gives strawberries so you would not like it	5	it gives strawberries so you would not like it	base	onset_noise_amp0.5_dur0.5	clean	0.2954377419962193	novel_or_generic	Like, 'It's over!
they could no longer support the mirror	5	they could no longer support the mirror	base	onset_noise_amp0.5_dur0.5	ru_64pct	0.5123375438746025	weak_overlap	They paused no longer.
she looks at us she is going to come too	5	she looks at us she is going to come too	base	onset_noise_amp0.75_dur0.5	ru_64pct	0.47419050827426124	weak_overlap	He is going to open it.
are the consequences more humanistic or anti humanistic	5	are the consequences more humanistic or anti humanistic	base	reverb_amp0.5_dur0.5	ru_64pct	0.3236746747602697	novel_or_generic	Adoption as a theological term introduces a relational dimension to the consequences of Salvation.
the wind is now coming from the north east side of the city centre in the north east side of the city centre in the north east side of the city centre in the north east side of the city centre in the north east side of the city centre in the north east side of the city centre in the north east side of the city centre in the north east side of the city centre in the north east side of the city centre in the north east side of the city centre in the north east side of the city centre in the north east side of the city centre in the north east side of the city centre in the north east side of the city centre in the north east side of the city centre in the north east side of the city centre in the north east side of the city centre in the north east side of the city centre in the north east side of the city centre in the north east side of the city centre in the north east side of the city centre in the north east side of the city centre in the north east side of the north east side of the north east side of the north east side of the	5	the wind is now coming from the north east side of the city centre in the north east side of the city centre in the north east side of the city centre in the north east side of the city centre in the north east side of the city centre in the north east side of the city centre in the north east side of the city centre in the north east side of the city centre in the north east side of the city centre in the north east side of the city centre in the north east side of the city centre in the north east side of the city centre in the north east side of the city centre in the north east side of the city centre in the north east side of the city centre in the north east side of the city centre in the north east side of the city centre in the north east side of the city centre in the north east side of the city centre in the north east side of the city centre in the north east side of the city centre in the north east side of the city centre in the north east side of the north east side of the north east side of the north east side of the	rr_64pct	full_noise_amp0.5_dur0.0	rr_64pct	0.5209595801317896	weak_overlap	The main bank is on the north-east side of the ditch.
i guess it s a neverending story	5	i guess it s a neverending story	rr_64pct	none	ru_64pct	0.6242572209980571	weak_overlap	It's cool-I guess.
municin means near the island	5	municin means near the island	rr_64pct	none	ru_64pct	0.4493525406663821	novel_or_generic	"The autonym means ""villager""."
he is currently a member of investment bank jaffrey s global senior advisory board	5	he is currently a member of investment bank jaffrey s global senior advisory board	rr_64pct	none	ru_64pct	0.4967817096573144	weak_overlap	Mitchell is currently a member of the InterAction Council.
originally the finale for the sixth season was promoted as a cliffhanger	5	originally the finale for the sixth season was promoted as a cliffhanger	rr_64pct	none	clean	0.347450272478643	novel_or_generic	For the sixth season, Margaret Cho and NeNe Leakes joined the panel.
have you met kathryn	5	have you met kathryn	rr_64pct	none	clean	0.5566844356891225	weak_overlap	Have you a study?
de castillo is a village in novara	5	de castillo is a village in novara	rr_64pct	none	clean	0.5473141795712668	weak_overlap	Salvador Do Mundo is a village in Goa.
millen was primarily a second baseman	5	millen was primarily a second baseman	rr_64pct	none	ru_64pct	0.3364849568855791	novel_or_generic	Their music was primarily released on Southern Records.
this argument is ancient and must be in respect of economic policy	5	this argument is ancient and must be in respect of economic policy	rr_64pct	onset_noise_amp0.05_dur0.5	ru_64pct	0.29908396320118413	novel_or_generic	Tyagi and Haq are among the wounded and must be carried out.
the city is home to the city of canada and the city of canada is home to the city of canada	4	the city is home to the city of canada and the city of canada is home to the city of canada	base	full_noise_amp0.5_dur0.0	clean	0.46990818681420543	weak_overlap	The city is home to the Pine Bluff Arsenal.
lion rock is located northwest of wong tai singh	4	lion rock is located northwest of wong tai singh	base	onset_noise_amp0.05_dur0.5	ru_64pct	0.5186900963743092	weak_overlap	The district centre is Arghandab, located northwest of Kandahar.
women formed less than half of the group	4	women formed less than half of the group	base	onset_noise_amp0.05_dur0.5	clean	0.5469051365565012	weak_overlap	Less than half of the sphere can be projected onto a finite map.
this argument is ancient and must end in respects of economic policy	4	this argument is ancient and must end in respects of economic policy	base	onset_noise_amp0.05_dur0.5	ru_64pct	0.25171611609795885	novel_or_generic	The argument is subjective and might be considered specious.
the amino ablation property has a large number of correlation formulations	4	the amino ablation property has a large number of correlation formulations	base	onset_noise_amp0.05_dur0.5	ru_64pct	0.48734626001527226	weak_overlap	French Guiana also has a large number of Protestants.
crumple the spark else the flames will spread	4	crumple the spark else the flames will spread	base	onset_noise_amp0.05_dur0.5	clean	0.41289299998540996	novel_or_generic	The flames ignited the building and spread.
administratively they belong to sarah	4	administratively they belong to sarah	base	onset_noise_amp0.05_dur0.5	clean	0.5604675319409788	weak_overlap	A few belong to Sikh community.
i m sure there is no doubt on this	4	i m sure there is no doubt on this	base	onset_noise_amp0.05_dur0.5	ru_64pct	0.5405365252468665	weak_overlap	There is no issue.
the type and only species is cirrhoseps pachuchet	4	the type and only species is cirrhoseps pachuchet	base	onset_noise_amp0.05_dur0.5	ru_64pct	0.4142227113253648	novel_or_generic	Young Woolwich is the type and model of a young drummer.
return to the common the sun was setting	4	return to the common the sun was setting	base	onset_noise_amp0.5_dur0.5	ru_64pct	0.3420403590889145	novel_or_generic	After breaking the Banni, these karagas return to the temples.
the city of canada is the largest city in the world	4	the city of canada is the largest city in the world	base	reverb_amp0.5_dur0.5	ru_64pct	0.674248495727903	strong_overlap	Kuopio is the largest city in the region.
pindari river later joins laknanda river at karnapriyag	4	pindari river later joins laknanda river at karnapriyag	base	reverb_amp0.5_dur0.5	ru_64pct	0.49813993763030573	weak_overlap	Licking Creek joins the Clarion River at Callensburg.
this is something i want in paris	4	this is something i want in paris	base	reverb_amp0.5_dur0.5	clean	0.5107603980668817	weak_overlap	This is something we've never had before.
the castillo is a village in navarra	4	the castillo is a village in navarra	base	reverb_amp0.8_dur0.5	clean	0.5776149489791789	weak_overlap	Salvador Do Mundo is a village in Goa.
it just seemed so safe and true	4	it just seemed so safe and true	base	reverb_amp0.8_dur0.5	rr_64pct	0.6005845169929809	weak_overlap	It's just 'It'.
an important person in the life of emilio claus was the painter jimmy montagny	4	an important person in the life of emilio claus was the painter jimmy montagny	rr_64pct	none	rr_64pct	0.40370272502109206	novel_or_generic	An important person in the history of Grayling is Rasmus Hanson.
ross is still generally married and he has no descendants	4	ross is still generally married and he has no descendants	rr_64pct	none	ru_64pct	0.5061605423245947	weak_overlap	He has no education.
abbas was considered a leading writer of the early short story	4	abbas was considered a leading writer of the early short story	rr_64pct	none	ru_64pct	0.3577918600352934	novel_or_generic	It is Grahame's most famous short story.
it s not dilang	4	it s not dilang	rr_64pct	none	clean	0.6767112467224828	strong_overlap	It's not routine practice.
black man life of chess	4	black man life of chess	rr_64pct	none	clean	0.5795034631750184	weak_overlap	And a black man!
we get to walk up to the tower	4	we get to walk up to the tower	rr_64pct	none	clean	0.40756500655717287	novel_or_generic	"He would walk up to ball and ""just do it""."
the area around megalisterna consists mostly of agricultural land	4	the area around megalisterna consists mostly of agricultural land	rr_64pct	none	ru_64pct	0.45699341921009096	weak_overlap	It consists mostly of covers of other musicians' songs.
the town was named after the spanish town for lumbar	4	the town was named after the spanish town for lumbar	rr_64pct	none	ru_64pct	0.6636877314496057	strong_overlap	The town was named after Benjamin Waite, a lumberman.
he is however usually addressed as lord stern or lord stern of brentford	4	he is however usually addressed as lord stern or lord stern of brentford	rr_64pct	none	clean	0.31752489814094287	novel_or_generic	He is generally addressed as Father General.
will schools secondary schools giving a general medical education	4	will schools secondary schools giving a general medical education	rr_64pct	none	rr_64pct	0.3716318922967271	novel_or_generic	There are also ten secondary schools and seventeen pre-school institutions.
william howard was born at hinzburg wermend	4	william howard was born at hinzburg wermend	rr_64pct	none	ru_64pct	0.8099665554708695	strong_overlap	Fossombroni was born at Arezzo.
mia turns seven today	4	mia turns seven today	rr_64pct	none	rr_64pct	0.5017775953262921	weak_overlap	Or seven.
he later become chief pilot and director of flight operations at madsens airlines	4	he later become chief pilot and director of flight operations at madsens airlines	rr_64pct	none	ru_64pct	0.31947654336571507	novel_or_generic	She was later director of human resources and director of strategic planning.
she disdains artorias barbaric practices and thirsts for conquest	4	she disdains artorias barbaric practices and thirsts for conquest	rr_64pct	none	rr_64pct	0.3163182833890862	novel_or_generic	These practices and others, intensified attitudes of segregation and inequality.
plax makes a fine brand of paper	4	plax makes a fine brand of paper	rr_64pct	none	clean	0.38396423497200693	novel_or_generic	The largest brand of Unibrew is Royal.
distil your heart and give away the feet and the arms to god	4	distil your heart and give away the feet and the arms to god	rr_64pct	none	ru_64pct	0.4008457924845684	novel_or_generic	The feet and eyes are yellow.
this failure has led to sixteen powerplants having zero days of cold stop	4	this failure has led to sixteen powerplants having zero days of cold stop	rr_64pct	none	ru_64pct	0.3505762903630453	novel_or_generic	At times, this has led to conflict.
and the current competition is	4	and the current competition is	rr_64pct	onset_noise_amp0.05_dur0.5	clean	0.38763385918827153	novel_or_generic	The addition is repeated, and the current decreases again.
some stones are worth the wreckage	4	some stones are worth the wreckage	rr_64pct	onset_noise_amp0.05_dur0.5	rr_64pct	0.43157801750285874	novel_or_generic	It was worth the trouble.
to err is fun to forgive divine	4	to err is fun to forgive divine	rr_64pct	onset_noise_amp0.05_dur0.5	clean	0.4206976845213648	novel_or_generic	They're incredible fun to drive.
the city is now a city of the city	3	the city is now a city of the city	base	full_noise_amp0.5_dur0.0	ru_64pct	0.4571539727131262	weak_overlap	The centre of the city is Giza Square.
the city is also home to the city of canada and canada canada is the largest city in the world	3	the city is also home to the city of canada and canada canada is the largest city in the world	base	full_noise_amp0.5_dur0.0	ru_64pct	0.49089745838101473	weak_overlap	The city is also home to Wayland Academy, a private school.
the city is located in the southern part of the city center of the city center	3	the city is located in the southern part of the city center of the city center	base	full_noise_amp0.5_dur0.0	ru_64pct	0.5258105844431569	weak_overlap	It is located in the southern part of the county.
the city is located in the southern part of the city center	3	the city is located in the southern part of the city center	base	full_noise_amp0.75_dur0.0	ru_64pct	0.6457404547377491	weak_overlap	It is located in the southern part of the county.
walsh was educated at heverdasher s archambal school	3	walsh was educated at heverdasher s archambal school	base	onset_noise_amp0.05_dur0.5	ru_64pct	0.5750658349768111	weak_overlap	He was educated at Douai School, Woolhampton, Berkshire.
its career underwent has amounted to twenty four to twenty five years in this career	3	its career underwent has amounted to twenty four to twenty five years in this career	base	onset_noise_amp0.05_dur0.5	clean	0.36527803392523506	novel_or_generic	Mozilla was founded twenty-five years ago.
he was the eldest brother of catherine duchess of ghent	3	he was the eldest brother of catherine duchess of ghent	base	onset_noise_amp0.05_dur0.5	ru_64pct	0.42458950666075757	novel_or_generic	He was the eldest of ten siblings.
the cornices of the room were mostly intact but showed signs of damage and damage	3	the cornices of the room were mostly intact but showed signs of damage and damage	base	onset_noise_amp0.05_dur0.5	ru_64pct	0.34678263495809025	novel_or_generic	I noticed around the room our participants were mostly femmes.
an important person in the life of emilio claus was the painter jim montegna	3	an important person in the life of emilio claus was the painter jim montegna	base	onset_noise_amp0.05_dur0.5	rr_64pct	0.40519186728870926	novel_or_generic	An important person in the history of Grayling is Rasmus Hanson.
his most important work was in the field of transformations pioneered by sofasly	3	his most important work was in the field of transformations pioneered by sofasly	base	onset_noise_amp0.05_dur0.5	ru_64pct	0.3675741495148577	novel_or_generic	It is still a key tool in the field of palaeontology.
verasling is a talented farm manager she works in vienna	3	verasling is a talented farm manager she works in vienna	base	onset_noise_amp0.05_dur0.5	ru_64pct	0.45290798966430146	weak_overlap	But predominantly she works in South Indian film industry.
hurs is totally remarried and he has no descendants	3	hurs is totally remarried and he has no descendants	base	onset_noise_amp0.05_dur0.5	ru_64pct	0.5178476938523087	weak_overlap	He has no education.
he is currently a member of investment bank jaffery s global senior advisory board	3	he is currently a member of investment bank jaffery s global senior advisory board	base	onset_noise_amp0.05_dur0.5	ru_64pct	0.4967817096573144	weak_overlap	Mitchell is currently a member of the InterAction Council.
compagno refers to a tendency to stammer	3	compagno refers to a tendency to stammer	base	onset_noise_amp0.05_dur0.5	clean	0.5011676564558439	weak_overlap	That is in their tendency to multiplicity.
abbas was considered a leading writer of the religious stories	3	abbas was considered a leading writer of the religious stories	base	onset_noise_amp0.05_dur0.5	ru_64pct	0.30740917430944803	novel_or_generic	The religious violence gave Thorburn an opportunity.
virginia s name was given in honor of queen victoria of the united kingdom	3	virginia s name was given in honor of queen victoria of the united kingdom	base	onset_noise_amp0.05_dur0.5	clean	0.3540336556080347	novel_or_generic	He was best known at Oxford for his impersonation of Queen Victoria.
amsterdam mathematical centre tracks	3	amsterdam mathematical centre tracks	base	onset_noise_amp0.05_dur0.5	clean	0.3433629921334844	novel_or_generic	This is a mathematical fact!
the series writers included mcgowan danny bradcliffe annie snutter and sean duggan	3	the series writers included mcgowan danny bradcliffe annie snutter and sean duggan	base	onset_noise_amp0.05_dur0.5	ru_64pct	0.23553717294733856	novel_or_generic	Napster was founded by Shawn Fanning, John Fanning, and Sean Parker.
grass nova	3	grass nova	base	onset_noise_amp0.05_dur0.5	ru_64pct	0.32550769658525747	novel_or_generic	I need to mow the grass.
pindari river later joins laknanda river at karnapryag	3	pindari river later joins laknanda river at karnapryag	base	onset_noise_amp0.05_dur0.5	ru_64pct	0.49813993763030573	weak_overlap	Licking Creek joins the Clarion River at Callensburg.
like my life of chess	3	like my life of chess	base	onset_noise_amp0.05_dur0.5	clean	0.4929762225124885	weak_overlap	Life of Agony
city is more clearly visible	3	city is more clearly visible	base	onset_noise_amp0.05_dur0.5	clean	0.34110288953648604	novel_or_generic	Both cases are clearly visible in Iran.
and like most armadillos they are not fossorial but will use abandoned giant and inner burrows	3	and like most armadillos they are not fossorial but will use abandoned giant and inner burrows	base	onset_noise_amp0.05_dur0.5	ru_64pct	0.32267605841975067	novel_or_generic	They are not listed here.
except from the last two the other villages had been physically degraded into the resort	3	except from the last two the other villages had been physically degraded into the resort	base	onset_noise_amp0.05_dur0.5	rr_64pct	0.32837565515377853	novel_or_generic	"The last two variations mean ""snail"" or a ""spiral"" in Spanish."
salman noah	3	salman noah	base	onset_noise_amp0.05_dur0.5	ru_64pct	0.37027844953702616	novel_or_generic	This team was captained by Noah.
the sea has lived on in this shell because that is destiny	3	the sea has lived on in this shell because that is destiny	base	onset_noise_amp0.05_dur0.5	ru_64pct	0.2604347804073611	novel_or_generic	He has lived in Lathrup Village, Michigan.
the area around megalithina consists mostly of agricultural land	3	the area around megalithina consists mostly of agricultural land	base	onset_noise_amp0.05_dur0.5	ru_64pct	0.45699341921009096	weak_overlap	It consists mostly of covers of other musicians' songs.
when the rainforests are depleted we turn the planet into a waste ground	3	when the rainforests are depleted we turn the planet into a waste ground	base	onset_noise_amp0.05_dur0.5	clean	0.24467088682400195	novel_or_generic	In some continuities, he is the planet's only survivor.
from the interchange the expressway goes northeast and south to parallel the chihalas river	3	from the interchange the expressway goes northeast and south to parallel the chihalas river	base	onset_noise_amp0.05_dur0.5	rr_64pct	0.2619086327689528	novel_or_generic	It takes its origin at the interchange with the Rabat-Tangier expressway.
he is however usually dressed as lord sterne or lord sterne of brentford	3	he is however usually dressed as lord sterne or lord sterne of brentford	base	onset_noise_amp0.05_dur0.5	ru_64pct	0.29539645011838556	novel_or_generic	Lord God Almighty!
dowen became a third wife of fellow missionary rao	3	dowen became a third wife of fellow missionary rao	base	onset_noise_amp0.05_dur0.5	ru_64pct	0.415334907187507	novel_or_generic	Their granddaughter was Fulvia, third wife of Mark Antony.
the president is micah walter	3	the president is micah walter	base	onset_noise_amp0.05_dur0.5	clean	0.5815200372411212	weak_overlap	The president is Nicola Bianchini and the manager is Giuliano Sonzogni.
the launch was flawless all systems were core except for the doctor vance experiment	3	the launch was flawless all systems were core except for the doctor vance experiment	base	onset_noise_amp0.05_dur0.5	ru_64pct	0.3059475133019779	novel_or_generic	Denmark received all payments, though always late except for the first.
four centuries after her death welshmen cried out revenge for gwenlyn when engaging in battle	3	four centuries after her death welshmen cried out revenge for gwenlyn when engaging in battle	base	onset_noise_amp0.05_dur0.5	clean	0.30565708135789826	novel_or_generic	I cried out, rising hastily.
everything on earth and he vanished around the corner of the bazaar	3	everything on earth and he vanished around the corner of the bazaar	base	onset_noise_amp0.05_dur0.5	clean	0.37016098720837	novel_or_generic	Round the corner of the manse came Toby.
cardinal truches even suggested that hosius was a candidate for the papacy	3	cardinal truches even suggested that hosius was a candidate for the papacy	base	onset_noise_amp0.05_dur0.5	ru_64pct	0.3477410378643462	novel_or_generic	Genevieve was a suffragette and a candidate for the House of Representatives for Louisiana.
the key concentration camps in total were established across the puppet state	3	the key concentration camps in total were established across the puppet state	base	onset_noise_amp0.05_dur0.5	ru_64pct	0.2481827858116532	novel_or_generic	The tree and the puppet are obviously regarded as equivalent.
william howard was born at hinzburg vermond	3	william howard was born at hinzburg vermond	base	onset_noise_amp0.05_dur0.5	ru_64pct	0.8099665554708695	strong_overlap	Fossombroni was born at Arezzo.
the arrowhead line primarily served to hall water tank from the arrowhead string company	3	the arrowhead line primarily served to hall water tank from the arrowhead string company	base	onset_noise_amp0.05_dur0.5	ru_64pct	0.2076838667982277	novel_or_generic	The company primarily distributes livestreaming software.
the pauls meaning the polish people obtained independence	3	the pauls meaning the polish people obtained independence	base	onset_noise_amp0.05_dur0.5	clean	0.33163347975182234	novel_or_generic	Ewelina Flinta the Polish singer was born here.
the beast found the steel company of canada	3	the beast found the steel company of canada	base	onset_noise_amp0.05_dur0.5	clean	0.37340991162614334	novel_or_generic	It was Beauty killed the Beast.
too bad that he quickly going to forget my name he thought	3	too bad that he quickly going to forget my name he thought	base	onset_noise_amp0.05_dur0.5	clean	0.3280430237550508	novel_or_generic	I think that's too bad.
the resulting company is startech security corporation	3	the resulting company is startech security corporation	base	onset_noise_amp0.05_dur0.5	ru_64pct	0.4102243663973011	novel_or_generic	His production company is Mooncusser Films.
fuji dream airlines has its headquarters in mackinacohora	3	fuji dream airlines has its headquarters in mackinacohora	base	onset_noise_amp0.05_dur0.5	ru_64pct	0.7769652607307841	strong_overlap	Empire Airlines has its headquarters in Hayden.
we can out move for in a brand	3	we can out move for in a brand	base	onset_noise_amp0.05_dur0.5	ru_64pct	0.36706878302425405	novel_or_generic	But I’m committed to finding out everything we can.
sinhar was born in allahabad	3	sinhar was born in allahabad	base	onset_noise_amp0.05_dur0.5	ru_64pct	1.0	exact_or_template_copy	Hamel was born in Stralsund.
what is your advice sir	3	what is your advice sir	base	onset_noise_amp0.5_dur0.5	clean	0.7825143985340666	strong_overlap	What is your progress?
the council s main office is at cobalt business park in warsand	3	the council s main office is at cobalt business park in warsand	base	onset_noise_amp0.5_dur0.5	rr_64pct	0.4136790086189164	novel_or_generic	Its main office is located in Tokyo.
it can use the same command language	3	it can use the same command language	base	onset_noise_amp0.5_dur0.5	clean	0.5062773279374284	weak_overlap	The two weapons are very similar and can use the same ammunition.
he could not believe a bar was going that far	3	he could not believe a bar was going that far	base	onset_noise_amp0.5_dur0.5	clean	0.576871985033646	weak_overlap	He could not believe her to be encouraging him.
he was also a philanthropist	3	he was also a philanthropist	base	onset_noise_amp0.5_dur0.5	rr_64pct	0.6729966889905233	strong_overlap	He was also particularly unselfish.
they steer hard and give away their feet and arms to god	3	they steer hard and give away their feet and arms to god	base	onset_noise_amp0.5_dur0.5	clean	0.26324812682172305	novel_or_generic	They arise, roll up and stow away their mattresses.
he is also a philanthropist	3	he is also a philanthropist	base	onset_noise_amp0.75_dur0.5	clean	0.5302952122571587	weak_overlap	He is also a tattoo artist.
abbas was considered a leading writer of the religious	3	abbas was considered a leading writer of the religious	base	reverb_amp0.5_dur0.5	ru_64pct	0.32328976331044046	novel_or_generic	The religious violence gave Thorburn an opportunity.
i never seen here before	3	i never seen here before	base	reverb_amp0.5_dur0.5	ru_64pct	0.48095832294289553	weak_overlap	It has never seen service.
rich productions include the hill among the world and big among others	3	rich productions include the hill among the world and big among others	base	reverb_amp0.5_dur0.5	ru_64pct	0.33161412803681534	novel_or_generic	Trade names include Bayrepel and Saltidin among others.
the basketball was too heavy while the basketball bladder was too light	3	the basketball was too heavy while the basketball bladder was too light	base	reverb_amp0.5_dur0.5	ru_64pct	0.29069436956239203	novel_or_generic	He was too clever and cruel.
there are two types of coil levers full coil levers and flip on coil levers	3	there are two types of coil levers full coil levers and flip on coil levers	base	reverb_amp0.5_dur0.5	clean	0.6161673124654489	weak_overlap	There are two types, bashrings and bashplates.
luckily the data couldn t penetrate the bulletproof vest	3	luckily the data couldn t penetrate the bulletproof vest	base	reverb_amp0.8_dur0.5	clean	0.35628593414285414	novel_or_generic	Steroids penetrate the barrier.
let me have this	3	let me have this	base	reverb_amp0.8_dur0.5	clean	0.5306819639229381	weak_overlap	Please let me come in.
the video will go on and on forever	3	the video will go on and on forever	rr_64pct	none	rr_64pct	0.49122586934434864	weak_overlap	Go on and smoke — my mistake!
also with allen park is the relocated tom hollins house	3	also with allen park is the relocated tom hollins house	rr_64pct	none	clean	0.37296277749069984	novel_or_generic	Park is trilingual.
he came driving at a speed totally unfaced by the flap flap flap of the bus lane	3	he came driving at a speed totally unfaced by the flap flap flap of the bus lane	rr_64pct	none	ru_64pct	0.30747000420748616	novel_or_generic	In this case, each iamb is underscored with a flap step.
cooper lake is stoked annually with several species of trout fish	3	cooper lake is stoked annually with several species of trout fish	rr_64pct	none	ru_64pct	0.3647470701850455	novel_or_generic	Where several species of shrike exist together, competition for territories can be intense.
gearbox and transferbox look similar to lancer evolution but still are different	3	gearbox and transferbox look similar to lancer evolution but still are different	rr_64pct	none	clean	0.3240532743868587	novel_or_generic	It is a hydantoin, similar to phenytoin.
salman noir	3	salman noir	rr_64pct	none	ru_64pct	0.3083220865925508	novel_or_generic	Salman Shaikh is the Center's Director.
mozdukeen was officially married three times	3	mozdukeen was officially married three times	rr_64pct	none	clean	0.7722045304715561	strong_overlap	Young married three times.
every search begins with beginner s log	3	every search begins with beginner s log	rr_64pct	none	ru_64pct	0.39747017162755394	novel_or_generic	The play begins with a defender guarding a ballhandler.
machen argue against animal rights in his widely reprinted paper do animals have rights	3	machen argue against animal rights in his widely reprinted paper do animals have rights	rr_64pct	none	clean	0.25553288933196416	novel_or_generic	Favoured lyrical concerns included animal rights, conformity and science fiction.
cardinal truchus even suggested that hosius was a candidate for the papacy	3	cardinal truchus even suggested that hosius was a candidate for the papacy	rr_64pct	none	ru_64pct	0.3477410378643462	novel_or_generic	Genevieve was a suffragette and a candidate for the House of Representatives for Louisiana.
the mixture will produce a chlorine solution of approximately 500 milligrams per liter	3	the mixture will produce a chlorine solution of approximately 500 milligrams per liter	rr_64pct	none	ru_64pct	0.38422089955366256	novel_or_generic	One goat will produce of mohair a year.
the students then participated in simulations	3	the students then participated in simulations	rr_64pct	none	ru_64pct	0.42550404492062266	novel_or_generic	He has participated in triathlons.
the resulting company is stattech security corporation	3	the resulting company is stattech security corporation	rr_64pct	none	ru_64pct	0.4102243663973011	novel_or_generic	His production company is Mooncusser Films.
mr smith and his henchmen arrived soon after and captured the trio	3	mr smith and his henchmen arrived soon after and captured the trio	rr_64pct	none	clean	0.3191550206789959	novel_or_generic	Cassander arrived in Athens soon after and occupied Piraeus.
fuji green airlines has its headquarters in makino hara	3	fuji green airlines has its headquarters in makino hara	rr_64pct	none	clean	0.7392260144799356	strong_overlap	Empire Airlines has its headquarters in Hayden.
he describes his mistress as having geranium scintillated brief and blond hair	3	he describes his mistress as having geranium scintillated brief and blond hair	rr_64pct	none	ru_64pct	0.29446417505150335	novel_or_generic	Letters found on Wenzel implicated Germaine Schneider as his mistress.
the station also serves bands in polytechnic high school to the south	3	the station also serves bands in polytechnic high school to the south	rr_64pct	none	rr_64pct	0.33784573462740464	novel_or_generic	To the south lies Muscat District.
his career underground has been bounded towards twenty four to twenty five years ago	3	his career underground has been bounded towards twenty four to twenty five years ago	rr_64pct	onset_noise_amp0.05_dur0.5	clean	0.6115226979398869	weak_overlap	Mozilla was founded twenty-five years ago.
in spite of this i still believe that there were many landmarks	3	in spite of this i still believe that there were many landmarks	rr_64pct	onset_noise_amp0.05_dur0.5	clean	0.3815177826534074	novel_or_generic	In spite of this, General Wolfe decided to proceed with the attack already underway.
the series writers included mcgovern danny brockless annie snutter and sean duggan	3	the series writers included mcgovern danny brockless annie snutter and sean duggan	rr_64pct	onset_noise_amp0.05_dur0.5	ru_64pct	0.25815877142610943	novel_or_generic	Napster was founded by Shawn Fanning, John Fanning, and Sean Parker.
pindaree river later joins laknanda river at karnapriag	3	pindaree river later joins laknanda river at karnapriag	rr_64pct	onset_noise_amp0.05_dur0.5	ru_64pct	0.49813993763030573	weak_overlap	Licking Creek joins the Clarion River at Callensburg.
the rainforests are depleted and we turn the planet into a waste ground	3	the rainforests are depleted and we turn the planet into a waste ground	rr_64pct	onset_noise_amp0.05_dur0.5	clean	0.24352272088854932	novel_or_generic	In some continuities, he is the planet's only survivor.
the launch was flawless all systems were cool except for doctor van s experiment	3	the launch was flawless all systems were cool except for doctor van s experiment	rr_64pct	onset_noise_amp0.05_dur0.5	ru_64pct	0.24668418668084224	novel_or_generic	The missiles fail to launch, being engulfed on the launch pad.
medieval madness was also included in the arcade game ultra pin	3	medieval madness was also included in the arcade game ultra pin	rr_64pct	onset_noise_amp0.05_dur0.5	clean	0.4175010231969347	novel_or_generic	Batman Forever: The Arcade Game was Acclaim Entertainment's first arcade game.
turpin succeeded in deira samarasikara who saw the university through a period of strong growth	3	turpin succeeded in deira samarasikara who saw the university through a period of strong growth	rr_64pct	onset_noise_amp0.05_dur0.5	clean	0.3724300270536829	novel_or_generic	They usually go through a period of dormancy after flowering.
they knew each other	3	they knew each other	rr_64pct	onset_noise_amp0.5_dur0.5	rr_64pct	0.3800471407642678	novel_or_generic	We seemed to understand each other.
it belongs to the punda community	3	it belongs to the punda community	rr_64pct	onset_noise_amp0.5_dur0.5	rr_64pct	0.8564546715351457	near_copy	It belongs to the nyaya panchayat of Paho.
i will go right after it	3	i will go right after it	rr_64pct	onset_noise_amp0.75_dur0.5	clean	0.44438744534373764	novel_or_generic	Who will go first?
maybe because that wasn t his name	3	maybe because that wasn t his name	rr_64pct	reverb_amp0.5_dur0.5	clean	0.36384449358697923	novel_or_generic	Realtor J. O. Treece lent the town his name.
i was in a soft room	3	i was in a soft room	rr_64pct	reverb_amp0.5_dur0.5	ru_64pct	0.42263555780674156	novel_or_generic	Elizabeth was in agonies.
the following year he was elected as the new president of the united states	3	the following year he was elected as the new president of the united states	ru_64pct	full_noise_amp0.5_dur0.0	rr_64pct	0.4573269521047354	weak_overlap	The following year he emigrated to the United States.
the following year he was promoted to the general secretary of the national assembly	3	the following year he was promoted to the general secretary of the national assembly	ru_64pct	full_noise_amp0.5_dur0.0	ru_64pct	0.5544213369668973	weak_overlap	The following year he was promoted to the rank of lieutenant.
you want to take this outside	3	you want to take this outside	ru_64pct	onset_noise_amp0.5_dur0.5	rr_64pct	0.49766253091285007	weak_overlap	So you want to add a third?
will schools seconded will schools giving a general medical education	3	will schools seconded will schools giving a general medical education	ru_64pct	onset_noise_amp0.5_dur0.5	ru_64pct	0.35155375035681047	novel_or_generic	Lungren favored giving children abstinence only education.
its inhabitants are descendants of lanka chotis ethnic groups	3	its inhabitants are descendants of lanka chotis ethnic groups	ru_64pct	onset_noise_amp0.5_dur0.5	ru_64pct	0.4880285037727281	weak_overlap	"Its inhabitants are called ""Blavets"" or ""Sansavornins""."
the pols meaning the polish people obtained an independence	3	the pols meaning the polish people obtained an independence	ru_64pct	onset_noise_amp0.5_dur0.5	clean	0.3661720376204066	novel_or_generic	Ewelina Flinta the Polish singer was born here.
shinha was born in alahaba	3	shinha was born in alahaba	ru_64pct	onset_noise_amp0.5_dur0.5	clean	1.0	exact_or_template_copy	Sinisgalli was born in Montemurro, Basilicata.
